1,1, 2-hexanediol,good
2,10-hydroxydecanoic acid,good
3,4-t-butylcyclohexanol,good
4,acacia farnesiana extract,poor
5,acacia senegal gum,good
6,acai,best
7,acerola fruit extract,good
8,acetic acid,poor
9,acetone,poor
10,acetylated castor oil,good
11,acetylated hydrogenated cottonseed glyceride,good
12,acetylated lanolin,good
13,acetylated lanolin alcohol,good
14,acetylated palm kernel glycerides,good
15,acetyl carnitine hcl,best
16,acetyl glucosamine,best
17,acetyl glyceryl ricinoleate,good
18,acetyl hexapeptide-8,good
19,acetyl octapeptide-3,good
20,acetyl tributyl citrate,average
21,acetyl tyrosine,good
22,achillea millefolium,poor
23,acid,average
24,acne soap,poor
25,acrylate,good
26,c10-30 alkyl acrylate crosspolymer,good
27,acrylates alkyl acrylate crosspolymer,good
28,acrylates,good
29,c10-30 alkyl acrylate crosspolymer,good
30,dimethicone copolymer,good
31,acrylates copolymer,good
32,acrylates,good
33,dimethicone copolymer,good
34,steareth-20 methacrylate copolymer,good
35,acrylates methacrylate copolymer,good
36,acrylates,good
37,steareth-20 methacrylate copolymer,good
38,acrylates copolymer,good
39,actaea racemosa,average
40,adenosine,best
41,adenosine triphosphate,best
42,adipic acid trimellitic anhydride copolymer,good
43,adipic acid glycol anhydride copolymer,good
44,adipic neopentyl trimellitic anhydride copolymer,good
45,adipic neopentyl glycol anhydride copolymer,good
46,advanced glycation endproduct,poor
47,aerocarpus santalinus,poor
48,aesculus hippocastanum,good
49,agar,good
50,age,poor
51,agrimonia eupatoria leaf extract,average
52,aha,best
53,ahnfeltia concinna extract,good
54,ahnfeltia extract,good
55,alanine,good
56,alaria esculenta,good
57,albumin,poor
58,alcloxa,poor
59,alcohol,average
60,aleurites moluccana seed oil,best
61,alfalfa extract,best
62,algae,good
63,algae extract,good
64,algin,good
65,aliphatic hydrocarbon,good
66,alkaline,poor
67,alkyloamides,average
68,allantoin,best
69,allyl methacrylates crosspolymer,good
70,almond oil,best
71,aloe barbadensis,good
72,aloe barbadensis leaf juice extract,good
73,aloe barbadensis leaf juice powder,good
74,aloe extract,good
75,aloe juice,good
76,aloe vera,good
77,alpha bisabolol,best
78,alpha glucan oligosaccharide,best
79,alpha hydroxy acid,best
80,alpha isomethyl ionone,poor
81,alpha lipoic acid,best
82,alpha-tocopherol,best
83,alteromonas ferment extract,good
84,althaea rosea,good
85,althea officinalis,best
86,alumina,good
87,aluminum,good
88,aluminum hydroxide,good
89,aluminum magnesium silicate,good
90,aluminum powder,good
91,aluminum silicate,good
92,aluminum starch octenylsuccinate,good
93,aluminum stearate,good
94,aluminum sulfate,poor
95,amino acid,best
96,aminobutyric acid,average
97,aminomethyl propanediol,good
98,aminomethyl propanol,good
99,ammonium acryloyldimethyltaurate copolymer,good
100,ammonium vp copolymer,good
101,ammonium acryloyldimethyltaurate,good
102,vp copolymer,good
103,ammonium chloride,poor
104,ammonium glycolate,best
105,ammonium hydroxide,average
106,ammonium laureth sulfate,good
107,ammonium lauryl sulfate,good
108,amodimethicone,good
109,amygdalic acid,good
110,amyl cinnamate,poor
111,amyl salicylate,poor
112,amyris oil,poor
113,anacyclus pyrethrum,poor
114,anacystis nidulans extract,good
115,ananas sativus fruit extract,good
116,andiroba oil,good
117,anethum graveolens,average
118,angelica archangelica root oil,poor
119,angelica polymorpha sinensis root extract,poor
120,anisaldehyde,poor
121,anise,poor
122,annato extract,good
123,anthemis nobilis flower extract,best
124,anthocyanin,best
125,antioxidant,best
126,apple fruit extract,best
127,apricot kernel,average
128,apricot kernel oil,best
129,arachidic acid,good
130,arachidyl alcohol,good
131,arachidyl glucoside,good
132,arachidyl propionate,good
133,arachis hypogaea extract,best
134,arbutin,best
135,arctium lappa,best
136,arctium majus,best
137,arctostaphylos uva ursi leaf,best
138,argania spinosa,best
139,argan oil,best
140,arginine,good
141,argireline,average
142,arnica extract,poor
143,aroma,average
144,flavor,average
145,aroma,average
146,flavor,average
147,arrowroot,average
148,artemia extract,good
149,artemisia absinthium extract,average
150,artemisia vulgaris,average
151,ascophyllum nodosum,good
152,ascorbic acid,best
153,ascorbyl glucosamine,best
154,ascorbyl glucoside,best
155,ascorbyl methylsilanol pectinate,best
156,ascorbyl palmitate,best
157,asparagine,good
158,asparagopsis armata extract,good
159,aspartic acid,good
160,astaxanthin,best
161,astaxanthin extract,best
162,astragalus membranaceus,best
163,astragalus sinicus,good
164,astrocaryum murumuru seed butter,good
165,atp,best
166,atractylodes macrocephala root powder,best
167,atractyloydes lancea root extract,average
168,avena sativa,best
169,avobenzone,best
170,avocado oil,best
171,awapuhi,poor
172,azadirachta indica,poor
173,azelaic acid,best
174,azelex,best
175,azuki beans,average
176,azulene,average
177,babassu oil,good
178,bakuchiol,good
179,balm mint extract,poor
180,balsam peru,poor
181,bambusa vulgaris (bamboo) leaf extract,best
182,bambusa vulgaris (bamboo) stem extract,best
183,bambusa vulgaris (bamboo) leaf,best
184,stem extract,best
185,banana extract,average
186,barberry,best
187,barium sulfate,poor
188,barley extract,average
189,batyl alcohol,good
190,bay leaf oil,poor
191,bearberry extract,good
192,bee pollen,poor
193,beeswax,good
194,beet root extract,good
195,beheneth-5,good
196,behenic acid,good
197,behentrimonium chloride,good
198,behenyl alcohol,good
199,bellis perennis,poor
200,bentonite,good
201,benzalkonium chloride,average
202,benzephenone-3,good
203,benzoic acid,good
204,benzoin extract,poor
205,benzophenone,good
206,benzothonium chloride,good
207,benzoyl peroxide,best
208,benzyl alcohol,good
209,benzyl salicylate,poor
210,berberis aristata,best
211,bergamot oil,poor
212,bertholletia excelsa extract,good
213,beta-carotene,good
214,beta-glucan,best
215,beta hydroxy acid,best
216,betaine salicylate,good
217,beta-sitosterol,best
218,beta vulgaris root extract,good
219,betula alba,good
220,bha (beta hydroxy acid),best
221,bht,average
222,bifida ferment lysate,good
223,bilberry extract,good
224,bioflavonoid,best
225,biotin,good
226,birch bark extract,good
227,birch leaf extract,good
228,bisabolol,best
229,bis-diglyceryl polyacyladipate,good
230,bismuth oxychloride,average
231,bis-peg-18 methyl ether dimethyl silane,good
232,bis-phenylpropyl dimethicone,good
233,bitter orange flower,poor
234,blackberry,best
235,black cohosh,average
236,black currant oil,best
237,black elderberry,good
238,black locust extract,poor
239,black mulberry,good
240,black pepper extract and oil,poor
241,black raspberry,best
242,black tea,best
243,bladderwrack extract,best
244,bloodwort,poor
245,blue 1,good
246,blue 1 lake,good
247,boerhavia diffusa root extract,best
248,bois de rose oil,poor
249,bois oil,poor
250,borage seed extract,best
251,borage seed oil,best
252,borago officinalis extract,best
253,borago officinalis seed oil,best
254,borate,poor
255,borax,poor
256,boric acid,good
257,boron nitride,good
258,boswellia carterii,poor
259,boswellia serrata extract,average
260,botanicals,average
261,boysenberry,best
262,brassica campestris,best
263,brazil nut extract,good
264,broad spectrum,good
265,bromelain,good
266,bronopol,poor
267,bronze powder,good
268,buddleja davidii extract,best
269,bumetrizole,good
270,bupleurum falcatum extract,average
271,burdock root,best
272,butyl acetate,good
273,butylene glycol,good
274,butyl methoxydibenzoylmethane,best
275,butylparaben,good
276,butylphenyl methylpropional,poor
277,butyrospermum fruit,best
278,butyrospermum parkii,best
279,buxus chinensis,best
280,c10-30 cholesterol esters,best
281,c10-30 lanosterol esters,best
282,c10-30 cholesterol,best
283,lanosterol esters,best
284,c12-15 alkyl benzoate,good
285,c12-18 acid triglyceride,good
286,c13-14 isoparaffin,good
287,c18-36 acid triglyceride,good
288,c20-40 pareth-40,good
289,caffeic acid,best
290,caffeine,average
291,cajeputi oil,poor
292,calamine,poor
293,calcium ascorbate,best
294,calcium carbonate,good
295,calcium d-pantetheine-s-sulfonate,good
296,calcium gluconate,good
297,calcium pantothenate,good
298,calendula extract,good
299,calendula officinalis flower extract,good
300,calluna vulgaris flower extract,best
301,calophyllum inophyllum seed oil,good
302,camellia japonica,best
303,camellia oleifera,best
304,camellia sinensis,best
305,camphor,poor
306,cananga extract,poor
307,cananga odorata,poor
308,rice bran polyglyceryl-3 esters,best
309,candelilla bran polyglyceryl-3 esters,best
310,jojoba bran polyglyceryl-3 esters,best
311,candelilla wax,good
312,cannabis sativa l. oil,good
313,canola oil,best
314,caprooyl phytosphingosine,best
315,caprooyl sphingosine,best
316,caprooyl tetrapeptide-3,best
317,capric triglyceride,best
318,caprylic triglyceride,best
319,caprylic,best
320,capric triglyceride,best
321,capryloyl sebacic acid copolymer,good
322,capryloyl glycerin acid copolymer,good
323,capryloyl glycerin,good
324,sebacic acid copolymer,good
325,capryloyl glycine,good
326,caprylyl glycol,good
327,caprylyl methicone,good
328,capsaicin,poor
329,capsicum,poor
330,capsicum oleoresin,poor
331,caramel,good
332,carbomer,good
333,carbopol,good
334,carboxylic acid,best
335,cardamom,poor
336,carmine,good
337,carnauba wax,good
338,carnitine,best
339,carnosic acid,best
340,carnosine,best
341,carnosol acid,best
342,carrageenan,good
343,carrot oil,best
344,carthamus tinctorius oil,best
345,carvone,poor
346,carya illinoensis oil,good
347,casein,good
348,castanea sativa seed extract,good
349,castor isostearate succinate,good
350,castor oil,good
351,catalase,best
352,caulerpa taxifolia extract,good
353,cedarwood,poor
354,cedrus atlantica bark extract,poor
355,cellulose,good
356,cellulose gum,good
357,centaurea cyanus,best
358,centella asiatica,best
359,cephalin,best
360,cera alba,good
361,cera microcristallina,good
362,ceramide ap,best
363,ceramide eop,best
364,ceramide eos,best
365,ceramide ng,best
366,ceramide np,best
367,ceramide ns,best
368,ceramides,best
369,ceresin,good
370,ceteareth-20,good
371,ceteareth-25,good
372,cetearyl alcohol,good
373,cetearyl ethylhexanoate,good
374,cetearyl glucoside,good
375,cetearyl octanoate,good
376,cetyl acetate,good
377,cetyl alcohol,good
378,cetyl dimethicone,good
379,cetyl dimethicone copolyol,good
380,cetyl esters,good
381,cetyl hydroxyethylcellulose,good
382,cetyl palmitate,good
383,cetyl ppg-10,good
384,cetyl peg,good
385,cetyl 1-dimethicone,good
386,chamomile,best
387,chamomilla recutita flower extract,best
388,charcoal,good
389,chelating agent,good
390,cherry extract,average
391,china clay,good
392,chitosan,best
393,chlorella,good
394,chlorophene,good
395,chloroxylenol,good
396,chlorphenesin,good
397,cholecalciferol,good
398,cholesterol,best
399,choline,best
400,chondroitin sulfate,best
401,chondrus crispus,good
402,chromium hydroxide green,good
403,chromium oxide green,good
404,chrysanthemum extract,average
405,chrysanthemum parthenium extract,average
406,cichorium intybus,good
407,cimicifuga racemosa root extract,average
408,cinnamomum,poor
409,cinnamomum camphora,poor
410,cinnamon,poor
411,cinnamyl alcohol,poor
412,citric acid,good
413,citronellol,poor
414,citrullus colocynthis,poor
415,citrus amara,poor
416,citrus aurantifolia,poor
417,citrus aurantium,poor
418,citrus aurantium extract,poor
419,citrus medica limonium,poor
420,citrus unshiu,average
421,citrus unshiu peel extract,average
422,clary oil,poor
423,clay,good
424,clove leaf,poor
425,clove oil,poor
426,clover blossom,poor
427,clover leaf oil,poor
428,cocamide dea and mea,average
429,cocamidopropyl betaine,good
430,cocamidopropyl dimethylamine,good
431,cocamidopropyl hydroxysultaine,good
432,cocoa butter,best
433,cocoa extract,best
434,coco-glucoside,good
435,cocoglycerides,good
436,coconut,good
437,coconut oil,best
438,cocus nucifera,best
439,codium tomentosum extract,good
440,coenzyme q10,best
441,coffea arabica (coffee) seed oil,best
442,coffea arabica seed extract,best
443,cola acuminata seed extract,average
444,coleus barbatus,poor
445,collagen amino acids,good
446,colloidal oatmeal,best
447,colloidal silver,poor
448,comfrey extract,poor
449,commiphora myrrha extract,poor
450,coneflower,good
451,copaifera officinalis,poor
452,copernicia cerifera wax,good
453,copper gluconate,good
454,copper prolinate,good
455,copper lysinate,good
456,copper lysinate,good
457,prolinate,good
458,copper pca,good
459,copper peptides,average
460,copper sulfate,average
461,corallina officinalis extract,good
462,coriander,good
463,cornflower,best
464,cornmint,poor
465,corn oil,best
466,cornstarch,good
467,cornus extract,good
468,corylus americana,good
469,corylus avellana,good
470,coumarin,good
471,cranberry seed extract,best
472,cranberry seed oil,best
473,crataegus monogina extract,average
474,creatine,best
475,cucumber extract,good
476,cucumis melo (melon) fruit extract,best
477,cucumis sativus extract,good
478,cucurbita pepo seed extract,best
479,cucurbitea peponis,best
480,curcuma longa root,best
481,curcumin,best
482,cyamopsis tetragonoloba,good
483,cyanocobalamin,good
484,cyclamen aldehyde,poor
485,cyclohexasiloxane,good
486,cyclomethicone,good
487,cyclopentasiloxane,good
488,cyclotetrasiloxane,good
489,cymbopogon citrates,poor
490,cymbopogon martini,poor
491,cysteine,good
492,cystine,good
493,d&c,good
494,d&c colors,good
495,daisy flower extract,poor
496,d-alpha-tocopherol,best
497,daucus carota,poor
498,dea oleth-10 phosphate,good
499,decarboxy carnosine hcl,best
500,decylene glycol,good
501,decyl glucoside,good
502,decyl oleate,good
503,dehydroacetic acid,good
504,dehydroepiandrosterone,average
505,deionized water,good
506,demineralized water,good
507,deionized,good
508,demineralized water,good
509,denatured alcohol,poor
510,deoxyribonucleic acid,average
511,detergent cleansing agent,good
512,deuterium oxide,average
513,dextran,good
514,dextrin,good
515,dha,good
516,diatomaceous earth,average
517,diazolidinyl urea,average
518,dibutyl phthalate,average
519,dicaprylyl carbonate,good
520,dicetyl phosphate,good
521,diethylhexyl carbonate,good
522,diethylhexyl malate,good
523,diethylhexyl syringylidenemalonate,good
524,diheptyl succinate,best
525,dihydrocholeth-30,good
526,dihydroxyacetone,good
527,diisopropyl adipate,good
528,diisopropyl dimer dilinoleate,good
529,diisostearoyl trimethylolpropane siloxy silicate,good
530,diisostearyl dimer dilinoleate,good
531,diisostearyl malate,good
532,dimer dilinoleyl dimer dilinoleate,good
533,dimethicone,good
534,15 crosspolymer,good
535,dimethicone crosspolymer,good
536,peg-10 crosspolymer,good
537,dimethicone dimethicone crosspolymer,good
538,vinyl dimethicone crosspolymer,good
539,dimethicone,good
540,vinyl dimethicone crosspolymer,good
541,dimethicone copolyol,good
542,dimethicone crosspolymer,good
543,dimethiconol,good
544,dimethyl capramide,good
545,dimethyl ether,poor
546,dimethyl isosorbide,good
547,dimethyl mea,average
548,dioscorea villosa extract,average
549,dipentaerythrityl hexacaprylate,good
550,dipentaerythrityl hexacaprate,good
551,dipentaerythrityl hexacaprylate,good
552,hexacaprate,good
553,dipotassium glycyrrhizate,best
554,dipotassium glycyrrhizinate,best
555,dipotassium phosphate,good
556,di-ppg-3 myristyl ether adipate,good
557,dipropylene glycol,good
558,disodium cocoamphodiacetate,good
559,disodium cocoyl glutamate,good
560,disodium diglyceryl phosphate,good
561,disodium edta,good
562,disodium glyceryl phosphate,good
563,disodium lauraminopropionate,good
564,disodium lauriminodipropionate tocopheryl phosphates,good
565,disodium rutinyl disulfate,good
566,disteardimonium hectorite,good
567,dmae,average
568,dmdm hydantoin,average
569,docosahexaenoic acid,good
570,dog rose,good
571,dogwood,good
572,dromiceius oil,good
573,dulse,good
574,dunaliella salina extract,best
575,durian,good
576,durvillaea antarctica extract,good
577,ecamsule,best
578,echium plantagineum seed oil,best
579,ectoin,good
580,edta,good
581,egg yolk,best
582,eicosapentaenoic acid,best
583,elaeis guineensis,best
584,elderberry,good
585,elecampane,poor
586,ellagic acid,best
587,emollient,good
588,emulsifier,good
589,emu oil,good
590,english ivy extract,poor
591,enteromorpha compressa extract,good
592,environmental damage,poor
593,enzymes,good
594,epigallocatechin gallate,best
595,epilobium angustifolium extract,best
596,equisetum arvense,poor
597,ergocalciferol,good
598,ergothioneine,best
599,eriobotrya japonica,best
600,erythrulose,good
601,esculin,poor
602,essential oil,poor
603,ester,good
604,ester-c,best
605,ethanol,poor
606,ethoxydiglycol,good
607,ethyl alcohol,poor
608,ethyl hexanediol,average
609,ethylhexylglycerin,good
610,ethylhexyl methoxycinnamate,best
611,ethylhexyl palmitate,good
612,ethylhexyl stearate,good
613,ethylparaben,good
614,ethyl vanillin,good
615,eucalyptus extract,poor
616,eucalyptus oil,poor
617,eugenia aromatica,poor
618,eugenia caryophyllus,poor
619,eugenol,poor
620,euphorbia cerifera wax,good
621,euphrasia officinalis,average
622,euterpe oleracea fruit extract,best
623,evening primrose oil,best
624,evodia rutaecarpa extract,good
625,ext. d&c,good
626,eyebright,average
627,faex,good
628,farnesol,average
629,farnesyl acetate,average
630,fatty acid,best
631,fatty alcohol,good
632,fd&c,good
633,fd&c colors,good
634,fennel oil,poor
635,fennel seed extract,poor
636,ferric ammonium ferrocyanide,good
637,ferric ferrocyanide,good
638,ferula galbaniflua,poor
639,ferulic acid,best
640,feverfew extract,good
641,fibronectin,good
642,ficus carica fruit extract,poor
643,fig,poor
644,filipendula glaberrima,best
645,filipendula rubra,best
646,film-forming agent,good
647,fireweed extract,best
648,fir needle oil,poor
649,fish cartilage extract,average
650,flavonoid,best
651,flavor,average
652,flax,best
653,flaxseed oil,best
654,floralozone,poor
655,foeniculum vulgare extract,poor
656,folic acid,good
657,formaldehyde-releasing preservative,average
658,fragrance,poor
659,frankincense extract,poor
660,fructose,good
661,fruit acid,average
662,fucus vesiculosus extract,best
663,fu ling,best
664,fuller's earth,good
665,galactoarabinan,good
666,galbanum,poor
667,gamma linolenic acid (gla),best
668,ganoderma lucidum extract,average
669,gardenia florida extract,poor
670,gelatin,good
671,gellan gum,good
672,gellidiela acerosa extract,good
673,genistein,best
674,gentiana lutea (gentian) root extract,best
675,geraniol,average
676,geranium extract,best
677,geranium oil,poor
678,geranium pretense,poor
679,germaben ii,good
680,ginger extract,good
681,ginger oil,poor
682,ginkgo biloba leaf extract,best
683,gla,best
684,glabridin,best
685,gluconolactone,best
686,glucosamine hcl,best
687,glucose,good
688,glucose oxidase,good
689,glucosyl hesperidin,best
690,glutamic acid,average
691,glutamine,best
692,glutathione,best
693,gluten ingredients,good
694,glycereth-26,good
695,glycereth-26 phosphate,good
696,glycereth-6 laurate,good
697,glycerin,best
698,glycerine,best
699,glycerol,best
700,glycerol monostearate,good
701,glycerol triacetate,good
702,glycerol trioleate,good
703,glyceryl behanate,good
704,glyceryl behenate,best
705,glyceryl cocoate,good
706,glyceryl dibehanate,good
707,glyceryl dipalmitate,good
708,glyceryl distearate,good
709,glyceryl ester,good
710,glyceryl isopalmitate,good
711,glyceryl isostearate,good
712,glyceryl myristate,good
713,glyceryl oleate,good
714,glyceryl palmitate,good
715,glyceryl polymethacrylate,good
716,glyceryl rosinate,good
717,glyceryl stearate,good
718,glyceryl stearate se,good
719,glycine,good
720,glycine soja oil,best
721,glycine soja seed extract,best
722,glycine soja sterols,best
723,glycogen,good
724,glycolic acid,best
725,glycolipid,best
726,glycol stearate,good
727,glycosaminoglycans,best
728,glycosphingolipid,best
729,glycyrrhetic acid,best
730,glycyrrhetinic acid,best
731,glycyrrhiza glabra,best
732,glycyrrhiza uralensis root extract,best
733,goji fruit extract,good
734,gold,poor
735,gossypium herbacuem seed oil,good
736,gotu kola,best
737,grapefruit oil,poor
738,grapefruit peel extract,poor
739,grapefruit seed extract,poor
740,grape seed extract,best
741,grape seed oil,best
742,green tea,best
743,gromwell,best
744,guarana,poor
745,guar gum,good
746,guar hydroxypropyltrimonium chloride,good
747,gums,good
748,haematococcus pluvialis extract,best
749,hamamelis virginiana,poor
750,hamamelitannin,poor
751,haslea ostrearia extract,good
752,hayflower extract,poor
753,hazelnut oil,good
754,hedera helix,poor
755,hedione,poor
756,helianthus annuus seed oil,best
757,helianthus oil,best
758,hemp seed oil,good
759,hesperidin,best
760,hesperidin methyl chalcone,good
761,hexyl cinnamal,poor
762,hexyldecanol,good
763,hexylene glycol,good
764,hexyl laurate,good
765,hexylresorcinol,average
766,hibiscus,good
767,himanthalia elongate extract,good
768,hippophae rhamnoides,good
769,histidine,good
770,hoelen,best
771,homosalate,best
772,honey,best
773,honey extract,best
774,honeysuckle flower extract,best
775,hops,average
776,hordeum vulgare extract,average
777,horse chestnut extract,good
778,horse elder,poor
779,horseradish,poor
780,horsetail extract,average
781,hortonia floribunda leaf extract,average
782,huang qi,good
783,humulus lupulus extract,average
784,hyaluronic acid,best
785,hydnocarpus anthelmintica,poor
786,hydrastis canadenis,poor
787,hydrocotyl extract,best
788,hydrogenated coco-glyceride,good
789,hydrogenated didecene,good
790,hydrogenated lecithin,best
791,hydrogenated olive oil,best
792,hydrogenated palm glycerides,good
793,hydrogenated polydecene,good
794,hydrogenated polyisobutene,good
795,hydrogenated soybean oil,best
796,hydrogenated starch hydrolysate,good
797,hydrogenated vegetable glycerides citrate,good
798,hydrogen peroxide,poor
799,hydrolyzed corn starch,good
800,hydrolyzed glycosaminoglycans,best
801,hydrolyzed jojoba esters,best
802,hydrolyzed jojoba protein,good
803,hydrolyzed silk,good
804,hydrolyzed soy protein,best
805,hydrolyzed vegetable protein,good
806,hydrolyzed wheat protein,good
807,hydroquinone,best
808,hydroxyethyl sodium acryloyl dimethyl taurate copolymer,good
809,hydroxyethyl acrylate acryloyl dimethyl taurate copolymer,good
810,hydroxyethyl acrylate,good
811,sodium acryloyl dimethyl taurate copolymer,good
812,hydroxyethylcellulose,good
813,hydroxyethylpiperazine ethane sulfonic acid,poor
814,hydroxyethyl urea,good
815,hydroxylated lecithin,best
816,hydroxypropyl cyclodextrin,good
817,hydroxypropyl guar,good
818,hydroxypropyl starch phosphate,good
819,hypericum extract,good
820,hyssop,average
821,idebenone,best
822,ilex paraguariensis,best
823,illicium vernum,poor
824,imidazolidinyl urea,average
825,inactive ingredient,good
826,inositol,best
827,inula helenium,poor
828,iodopropynyl butylcarbamate,good
829,iris florentina extract,poor
830,irish moss extract,good
831,iron oxides,good
832,iron powder,average
833,isoamyl laurate,good
834,isobutyl acetate,good
835,isobutylparaben,good
836,isocetyl salicylate,average
837,isododecane,good
838,isoflavone,best
839,isohexadecane,good
840,isoleucine,good
841,isononyl isononanoate,good
842,isoparaffin,good
843,isopropyl alcohol,poor
844,isopropyl isostearate,good
845,isopropyl lanolate,good
846,isopropyl myristate,good
847,isopropyl palmitate,good
848,isopropyl titanium triisostearate,good
849,isopropyl titanium triisostearte crosspolymer,good
850,isopropyl titanium triethoxycaprylylsilane crosspolymer,good
851,isopropyl titanium triisostearte,good
852,triethoxycaprylylsilane crosspolymer,good
853,isostearamide dea,good
854,isostearic acid,good
855,ivy extract,poor
856,japan wax,good
857,jasmine oil,poor
858,jasminium grandiflorum,poor
859,jojoba butter,best
860,jojoba esters,best
861,jojoba oil,best
862,jojoba wax,best
863,jonquil extract,poor
864,ju hua,good
865,jujube fruit extract,good
866,juniper berry,poor
867,juniperus communis,poor
868,kaolin,good
869,kathon cg,poor
870,kava-kava extract,poor
871,kawa extract,poor
872,kelp extract,good
873,kigelia africana extract,average
874,kiwi fruit extract,average
875,kojic acid,good
876,kojic dipalmitate,good
877,kola nut,average
878,kudzu root,best
879,kukui nut oil,best
880,lactic acid,best
881,lactobionate,good
882,lactobionic acid,best
883,lactoperoxidase,best
884,lady's mantle extract,poor
885,lady's thistle (milk thistle) extract,best
886,lagerstroemia indica extract,average
887,laminaria digitata,good
888,laminaria longicruris,good
889,laminaria ochroleuca extract,good
890,laminaria sacharrina,good
891,lamium album flower extract,best
892,lanolin,good
893,lanolin alcohol,good
894,lappa extract,good
895,larrea divaricata extract,good
896,larrea tridentata,good
897,l-ascorbic acid,best
898,lauramphocarboxyglycinate,good
899,laurdimonium hydroxypropyl hydrolyzed soy protein,good
900,laurdimonium hydroxypropyl hydrolyzed wheat protein,good
901,laureth-23,good
902,laureth-4,good
903,laureth-7,good
904,laureths,good
905,lauric acid,best
906,lauroyl lysine,good
907,laurus nobilis,poor
908,lauryl alcohol,good
909,lauryl glucoside,good
910,lauryl lactate,good
911,lauryl laurate,best
912,lauryl peg-9 polydimethylsiloxyethyl dimethicone,good
913,lavandin oil,poor
914,lavandula angustifolia,poor
915,lavandula officinalis,poor
916,lavender extract and oil,poor
917,l-cysteine,good
918,lecithin,best
919,lemon,poor
920,lemon balm,poor
921,lemongrass extract,poor
922,lemongrass oil,poor
923,lemon juice,poor
924,lemon oil,poor
925,lentil fruit extract,good
926,lentinus edodes extract,average
927,leontopodium alpinum extract,best
928,leptospermum scoparium oil,good
929,leucine,good
930,levisticum officinale root extract,poor
931,licorice extract,best
932,licorice root,best
933,lilium candidum bulb extract,average
934,lime oil and extract,poor
935,limnanthes alba,good
936,limnanthes alba seed oil,good
937,limonene,poor
938,linalool,poor
939,linden flower extract,best
940,linoleic acid,best
941,linolenic acid,best
942,linseed oil,best
943,linum usitatissimum extract,best
944,lipid,best
945,liposomes,good
946,lithium magnesium sodium silicate,good
947,lithospermum erythrorhizon,best
948,litsea cubeba,poor
949,locust bean,good
950,lonicera caprifolium flower extract,best
951,lonicera japonica,best
952,lonicera japonica flower extract,best
953,loquat extract,best
954,lotus seed extract,best
955,lovage root extract,poor
956,lupine,good
957,lupine oil,average
958,lupinus albus extract,good
959,lutein,best
960,lycium barbarum fruit extract,good
961,lycopene,best
962,lye,poor
963,lysine,good
964,macadamia nut oil,good
965,madecassoside,best
966,magnesium,good
967,magnesium aluminum silicate,good
968,magnesium ascorbyl palmitate,good
969,magnesium ascorbyl phosphate,best
970,magnesium carbonate,good
971,magnesium hydroxide,good
972,magnesium laureth sulfate,good
973,magnesium oleth sulfate,good
974,magnesium stearate,good
975,magnesium sulfate,good
976,mahonia aquifolium root extract,good
977,malic acid,good
978,mallow,best
979,maltooligosyl glucoside,good
980,malvaceae extract,average
981,malva sylvestris extract,good
982,mandarin orange oil or extract,poor
983,mandelic acid,average
984,manganese gluconate,average
985,manganese violet,good
986,mangifera indica (mango) seed butter,best
987,mangifera indica root,good
988,manuka oil,good
989,marigold,good
990,marionberry,good
991,marjoram,poor
992,marshmallow,best
993,mastocarpus stellatus,good
994,mate extract,best
995,matricaria oil,best
996,mea,average
997,meadowfoam seed oil,good
998,meadowsweet extract,best
999,medicago sativa,best
1000,melaleuca alternifolia,good
1001,melaleuca cajeputi oil,poor
1002,melia azadirachta,poor
1003,melibiose,good
1004,melissa officinalis,poor
1005,mentha arvensis,poor
1006,mentha piperita,poor
1007,mentha spicata,poor
1008,mentha viridis,poor
1009,menthol,poor
1010,menthone,poor
1011,menthoxypropanediol,poor
1012,menthyl anthranilate,best
1013,menthyl lactate,poor
1014,meradmiate,best
1015,methanol,poor
1016,methicone,good
1017,methionine,good
1018,methylchloroisothiazolinone,poor
1019,methyldibromo glutaronitrile,poor
1020,methyldihydrojasmonate,poor
1021,methyl gluceth-20,good
1022,methyl gluceth-20 benzoate,good
1023,methyl glucose sesquistearate,good
1024,methylglucoside phosphate,good
1025,methylisothiazolinone,poor
1026,methylparaben,good
1027,methylpropanediol,good
1028,methylsilanol mannuronate,good
1029,methylsilanol peg-7 glyceryl cocoate,good
1030,methylsufonylsulfate,good
1031,methyl trimethicone,good
1032,mexoryl sx,best
1033,mica,good
1034,microcrystalline wax,good
1035,microcystis aeruginosa,good
1036,milk protein,good
1037,milk vetch root,good
1038,millet seed extract,average
1039,mimosa oil or extract,poor
1040,mineral oil,good
1041,mint,poor
1042,mixed fruit extracts,good
1043,montan wax,good
1044,montmorillonite,good
1045,morinda citrifolia,good
1046,morus alba root extract,good
1047,morus bombycis root extract,good
1048,morus nigra root extract,good
1049,mucopolysaccharide,best
1050,mucor miehei extract,average
1051,mugwort extract,average
1052,mulberry extract,good
1053,murumuru seed butter,good
1054,myristic acid,good
1055,myristyl myristate,good
1056,myristyl nicotinate,best
1057,myrrh,poor
1058,myrtle extract,poor
1059,myrtus communis extract,poor
1060,n6-furfuryladenine,average
1061,n-acetyl-l tyrosine,average
1062,napca,good
1063,narcissus poeticus wax,poor
1064,nardostachys jatamansi,good
1065,nasturtium officinale extract,average
1066,natto gum,good
1067,natural moisturizing factor (nmf),best
1068,neem extract or oil,average
1069,neopentyl glycol dicaprate,good
1070,neopentyl glycol dicaprylate,good
1071,neopentyl glycol dicaprylate,good
1072,dicaprate,good
1073,neopentyl glycol diheptanoate,good
1074,neroli,poor
1075,neroli oil,poor
1076,nettle extract,average
1077,niacin,best
1078,niacinamide,best
1079,nicotinamide,best
1080,nicotinic acid,best
1081,noni juice,good
1082,nonoxynols,good
1083,nylon-12,good
1084,nymphaea tetragona,best
1085,oak root extract,poor
1086,oat beta-glucan,best
1087,oat bran extract,best
1088,oat kernel extract,best
1089,oatmeal,best
1090,octinoxate,best
1091,octisalate,best
1092,octocrylene,best
1093,octyldodecanol,good
1094,octyldodecyl myristate,good
1095,octyldodecyl neopentanoate,good
1096,octyl methoxycinnamate,best
1097,octyl palmitate,good
1098,octyl salicylate,best
1099,octyl stearate,good
1100,o-cymen-5-ol,good
1101,oenothera biennis oil,best
1102,olea europaea fruit oil,good
1103,olea europaea oil unsaponifiables,best
1104,oleanolic acid,best
1105,oleic acid,good
1106,oleth-10,good
1107,oleths,good
1108,oleyl erucate,good
1109,olibanum extract,poor
1110,olive olive fruit oil,good
1111,olive oil fruit oil,good
1112,olive oil,good
1113,olive fruit oil,good
1114,orange blossom,poor
1115,orbignya martiana,good
1116,orbignya oleifera,good
1117,orchid,poor
1118,oregano,poor
1119,origanum majorana,poor
1120,origanum vulgare flower extract,poor
1121,orris root,poor
1122,oryzanol,good
1123,oryza sativa cera,best
1124,oryza sativa oil,good
1125,oxidoreductase,best
1126,oxybenzone,best
1127,ozokerite,good
1128,p. elisabethae,good
1129,paba,poor
1130,padimate o,average
1131,padina pavonica extract,good
1132,paeonia albiflora extract,average
1133,paeonia suffruticosa extract,average
1134,palmaria palmata extract,good
1135,palmarosa oil,poor
1136,palmitic acid,good
1137,palmitoyl hexapeptide-12,best
1138,palmitoyl oligopeptide,best
1139,palmitoyl pentapeptide-4,best
1140,palmitoyl tetrapeptide-7,best
1141,palmitoyl tripeptide-1,best
1142,palmitoyl tripeptide-38,best
1143,palmitoyl tripeptide-5,best
1144,palmitoyl tripeptide-8,good
1145,palm kernel acid,good
1146,palm oil,best
1147,panicum miliaceum,average
1148,pansy extract,average
1149,pantethine,good
1150,panthenol,best
1151,pantothenic acid,best
1152,papain,poor
1153,papaya extract,average
1154,para-aminobenzoic acid (paba),poor
1155,parabens,good
1156,paraffin,good
1157,paraffinum liquidum,good
1158,parsol 1789,best
1159,passiflora edulis extract,good
1160,passiflora edulis seed oil,best
1161,passion fruit extract,good
1162,patchouli,poor
1163,pawpaw extract,average
1164,peanut oil,good
1165,pecan oil,good
1166,pectin,good
1167,ppg-17 copolymer,good
1168,peg copolymer,good
1169,6 copolymer,good
1170,18 dimethicone,good
1171,peg dimethicone,good
1172,ppg-18 dimethicone,good
1173,ppg-18 copolymer,good
1174,peg copolymer,good
1175,4 copolymer,good
1176,15 dimethicone,good
1177,peg dimethicone,good
1178,ppg-20 dimethicone,good
1179,peg-100 stearate,good
1180,peg-10 dimethicone,good
1181,peg-10 vinyl dimethicone crosspolymer,good
1182,peg-10 dimethicone dimethicone crosspolymer,good
1183,peg-10 dimethicone,good
1184,vinyl dimethicone crosspolymer,good
1185,peg-10 phytosterol,good
1186,peg-10 rapeseed sterol,good
1187,peg-120 methyl glucose dioleate,good
1188,peg-12 dimethicone,good
1189,peg-14,good
1190,peg-150 distearate,good
1191,peg-20 methyl glucose sesquistearate,good
1192,peg-32,good
1193,peg-33,good
1194,peg-40 hydrogenated castor oil,good
1195,peg-40 stearate,good
1196,peg-60 almond glycerides,good
1197,peg-60 hydrogenated castor oil,good
1198,peg-75 shea butter glycerides,good
1199,peg-7 glyceryl cocoate,good
1200,peg-8,good
1201,peg-80 sorbitan laurate,good
1202,peg-8 dimethicone,good
1203,peg 90m,good
1204,peg compound,good
1205,pelargonium graveolens oil,poor
1206,pellitory,poor
1207,pentadecalactone,poor
1208,pentaerythrityl tetraisostearate,good
1209,pentaerythrityl tetraoctanoate,good
1210,pentapeptides,best
1211,pentasodium pentetate,good
1212,pentylene glycol,good
1213,peppermint,poor
1214,peptides,best
1215,perilla ocymoides,average
1216,persea gratissima oil,best
1217,persicaria hydropiper,best
1218,petitgrain mandarin,poor
1219,petrolatum,good
1220,pha,best
1221,phenoxyethanol,good
1222,phenoxyisopropanol,good
1223,phenylalanine,good
1224,phenylethyl resorcinol,average
1225,phenyl trimethicone,good
1226,phloretin,best
1227,phosphatidylcholine,best
1228,phosphatidylethanolamine,best
1229,phospholipid,best
1230,phosphoric acid,good
1231,photosensitizer,poor
1232,phthalates,average
1233,phyllanthus emblica fruit extract,best
1234,physalis angulata extract,best
1235,phytantriol,good
1236,phytic acid,good
1237,phytonadione,good
1238,phytosphingosine,best
1239,phytosterol,best
1240,picea abies extract,best
1241,pineapple extract,good
1242,pinecone extract,good
1243,pine oil,poor
1244,pinus lambertiana wood extract,poor
1245,pinus sylvestris extract,good
1246,piper nigrum,poor
1247,pistachio seed oil,good
1248,pistacia vera seed oil,good
1249,pisum sativum,good
1250,plankton extract,good
1251,plasticizing agents,average
1252,plum extract,good
1253,plum seed oil,best
1254,pogostemon cablin,poor
1255,poloxamer 184,good
1256,poloxamer 407,good
1257,poloxamers,good
1258,polyacrylamide,good
1259,polyacrylate-17,good
1260,polyacrylate crosspolymer,good
1261,polyaminopropyl biguanide,good
1262,polybutene,good
1263,polyethylene,good
1264,polyethylene glycol,good
1265,polyglucuronic acid,good
1266,polyglycerol monostearate,good
1267,polyglyceryl-10 laurate,good
1268,polyglyceryl 2 triisostearate,good
1269,polyglyceryl-3 beeswax,good
1270,polyglyceryl-3 methylglucose distearate,good
1271,polyglyceryl-4 isostearate,good
1272,polyglyceryl-6 isostearate,good
1273,polyglyceryl methacrylate,good
1274,polyhydroxy acid,best
1275,polyhydroxystearic acid,good
1276,polyisobutene,good
1277,polymer,good
1278,polymethylsilsesquioxane,good
1279,polypropylene glycol,good
1280,polyquaternium-10,good
1281,polyquaterniums,good
1282,polysaccharide,best
1283,polysilicone-11,good
1284,polysorbate 20,good
1285,polysorbate 60,good
1286,polysorbate 80,good
1287,polysorbates,good
1288,polyvinyl alcohol,average
1289,polyvinylpyrrolidone,good
1290,pomegranate extract,best
1291,poria cocos extract,best
1292,porphyridium cruentum extract,average
1293,portulaca oleracea extract,best
1294,potassium,good
1295,potassium ascorbyl tocopheryl phosphate,best
1296,potassium cetyl phosphate,good
1297,potassium hydroxide,average
1298,potassium myristate,average
1299,potassium phosphate,good
1300,potassium sorbate,good
1301,ppg-12 copolymer,good
1302,smdi copolymer,good
1303,ppg-12,good
1304,smdi copolymer,good
1305,ppg-12 buteth-16,good
1306,ppg-14 butyl ether,good
1307,ppg-20 methyl glucose ether,good
1308,ppg-26-buteth-26,good
1309,ppg-2-deceth-30,good
1310,ppg-2 myristyl ether propionate,good
1311,ppg-3 benzyl ether myristate,good
1312,preservatives,good
1313,proline,good
1314,propanediol,good
1315,propolis,good
1316,propylene carbonate,good
1317,propylene glycol,good
1318,propylene glycol dicaprate,good
1319,propylene glycol dicaprylate,good
1320,propylene glycol dicaprylate,good
1321,dicaprate,good
1322,propylene glycol isostearate,good
1323,propylene glycol laurate,good
1324,propylene glycol stearate,good
1325,propylparaben,good
1326,prunella vulgaris,average
1327,prunus americana,good
1328,prunus amygdalus dulcis,good
1329,prunus armeniaca,good
1330,prunus domestica seed extract,good
1331,prunus domestica seed oil,best
1332,prunus dulcis,good
1333,pseudopterogorgia elisabethae,best
1334,pueraria lobata,best
1335,pullulan,good
1336,pumpkin,best
1337,pumpkin seed extract,best
1338,punica granatum extract,best
1339,purified water,good
1340,pvm decadiene crosspolymer,good
1341,ma decadiene crosspolymer,good
1342,pvm,good
1343,ma decadiene crosspolymer,good
1344,pvp,good
1345,pvp,good
1346,dimethylaminoethylmethacrylate,good
1347,pvp,good
1348,dimethylaminoethylmethacrylate,good
1349,pvp copolymer,good
1350,pycnogenol,good
1351,pyridoxine hydrochloride (hcl),good
1352,pyrus cydonia,poor
1353,pyrus malus (apple) fruit extract,good
1354,quaternium-15,average
1355,quaternium-18 hectorite,good
1356,quaternium ammonium compounds,good
1357,quercetin,best
1358,quercus,poor
1359,quercus infectoria extract,poor
1360,quillaja extract,good
1361,quince seed,poor
1362,quinoa oil,good
1363,rapeseed oil,best
1364,raspberry seed extract,good
1365,raspberry seed oil,good
1366,red 27 lake,good
1367,red 33,good
1368,red 6 lake,good
1369,red algae,good
1370,red clover,good
1371,red raspberry extract,good
1372,reducing agent,good
1373,resveratrol,best
1374,retinol,best
1375,retinyl ascorbate,best
1376,retinyl palmitate,best
1377,retinyl retinoate,best
1378,riboflavin,average
1379,rice bran oil,good
1380,rice oil,good
1381,rice starch,good
1382,ricinoleate,good
1383,ricinus communis,good
1384,robinia pseudacacia extract,poor
1385,rosa canina,good
1386,rosa centifolia,good
1387,rosa centifolia flower,good
1388,rosa damascena oil,poor
1389,rosa eglanteria,good
1390,rosa gallica flower extract,poor
1391,rosa mosqueta,good
1392,rosa roxburghii extract,best
1393,rosa rubiginosa,good
1394,rose flower,poor
1395,rose flower oil,poor
1396,rose hip,good
1397,rose hip oil,good
1398,rosemary extract,good
1399,rosemary oil,poor
1400,rose oil,poor
1401,rosewood oil,poor
1402,rosmarinus officinalis extract,poor
1403,royal jelly,average
1404,rubus idaeus,good
1405,rubus occidentalis,best
1406,rubus ursinus,good
1407,rubus ursinus x idaeus,best
1408,rubus villoscus,best
1409,ruscus aculeatus,average
1410,rutin,best
1411,saccharide isomerate,good
1412,saccharides,best
1413,saccharomyces calcium ferment,average
1414,saccharomyces cerevisiae,average
1415,saccharomyces copper ferment,average
1416,saccharomyces iron ferment,average
1417,saccharomyces lysate,good
1418,saccharomyces magnesium ferment,average
1419,saccharomyces manganese ferment,average
1420,saccharomyces officinarum ferment,average
1421,saccharomyces potassium ferment,average
1422,saccharomyces selenium ferment,good
1423,saccharomyces silicon ferment,average
1424,saccharomyces zinc ferment,average
1425,safflower seed oil,best
1426,sage extract,average
1427,salicin,good
1428,salicylic acid,best
1429,salix alba extract,good
1430,salix nigra (willow) bark extract,good
1431,salvia hispanica (chia) seed oil,best
1432,salvia officinalis,poor
1433,sambucus canadensis,good
1434,sambucus cerulea,good
1435,sambucus nigra,good
1436,sandalwood oil,poor
1437,santalum album seed extract,average
1438,sapindus mukurossi peel extract,good
1439,saponaria officinalis extract,good
1440,saponin,good
1441,sarcosine,good
1442,sargassum filipendula extract,good
1443,sausurrea oil,poor
1444,saxifraga sarmentosa extract,average
1445,sclareolide,poor
1446,sclerocarya birrea,best
1447,sclerotium gum,good
1448,scutellaria baicalensis extract,good
1449,sd alcohol,poor
1450,sd alcohol 40-2,poor
1451,sea buckthorn,good
1452,seamollient,good
1453,sea salt,average
1454,seaweed,good
1455,sea whip extract,best
1456,sebacic acid,good
1457,selenium,best
1458,serenoa serrulata extract,average
1459,sericin,good
1460,serine,good
1461,sesame oil,good
1462,sesamum indicum,good
1463,sesquioleate,good
1464,shea butter,best
1465,siegesbeckia orientalis,average
1466,silanetriol,good
1467,silica,good
1468,silica dimethyl silylate,good
1469,silicate,good
1470,silicone,good
1471,silk,good
1472,silk powder,good
1473,silk protein,good
1474,siloxane,good
1475,silt,good
1476,silver,poor
1477,silver chloride,average
1478,silver tip white tea leaf extract,best
1479,silybum marianum extract,best
1480,simethicone,good
1481,simmondsia chinensis,best
1482,skin-replenishing ingredients,best
1483,skin-restoring ingredients,best
1484,skullcap extract,good
1485,slip agent,good
1486,slippery elm bark,good
1487,soap,poor
1488,soapberry extract,good
1489,soapwort,good
1490,sodium acetate,good
1491,sodium acrylate taurate copolymer,good
1492,sodium acryloydimethyl taurate copolymer,good
1493,sodium acrylate,good
1494,acryloydimethyl taurate copolymer,good
1495,sodium ascorbate,best
1496,sodium ascorbyl phosphate,best
1497,sodium benzoate,good
1498,sodium bisulfite,average
1499,sodium borate,poor
1500,sodium c14-16 olefin sulfonate,poor
1501,sodium carbomer,good
1502,sodium carbonate,poor
1503,sodium carboxymethyl beta-glucan,good
1504,sodium cetearyl sulfate,good
1505,sodium chloride,good
1506,sodium chondroitin sulfate,best
1507,sodium citrate,good
1508,sodium cocoamphoacetate,good
1509,sodium cocoate,poor
1510,sodium cocoyl amino acids,good
1511,sodium cocoyl glutamate,good
1512,sodium cocoyl isethionate,good
1513,sodium dehydroacetate,good
1514,sodium dilauramidoglutamide lysine,good
1515,sodium hexametaphosphate,good
1516,sodium hyaluronate,best
1517,sodium hyaluronate crosspolymer,best
1518,sodium hydroxide,average
1519,sodium hydroxymethylglycinate,good
1520,sodium lactate,good
1521,sodium lactobionate,average
1522,sodium laureth-13 carboxylate,good
1523,sodium laureth sulfate,good
1524,sodium lauroamphoacetate,good
1525,sodium lauroyl lactylate,good
1526,sodium lauroyl sarcosinate,good
1527,sodium lauryl glucose carboxylate,good
1528,sodium lauryl sulfate,poor
1529,sodium metabisulfite,average
1530,sodium methyl cocoyl taurate,good
1531,sodium methyl taurate,good
1532,sodium myreth sulfate,good
1533,sodium palmate,poor
1534,sodium palm kernelate,poor
1535,sodium pca,best
1536,sodium peg-7 olive oil carboxylate,good
1537,sodium phytate,good
1538,sodium polyacrylate,good
1539,sodium salicylate,average
1540,sodium silicate,poor
1541,sodium stearoyl lactylate,good
1542,sodium sulfite,average
1543,sodium tallowate,poor
1544,sodium thioglycolate,poor
1545,sodium trideceth sulfate,good
1546,solanum lycopersicum extract,average
1547,solanum tuberosum extract,good
1548,solvent,good
1549,sonojell,good
1550,soothing agent,best
1551,sorbic acid,good
1552,sorbitan oleate,good
1553,sorbitan sesquioleate,good
1554,sorbitan stearate,good
1555,sorbitol,good
1556,soy extract,best
1557,soy isoflavones,best
1558,soy oil,best
1559,spearmint oil,poor
1560,spf,best
1561,sphingolipids,best
1562,spiraea ulmaria,best
1563,spirulina,good
1564,squalane,best
1565,squalene,best
1566,st. john's wort,good
1567,star anise,poor
1568,steapyrium chloride,good
1569,stearalkonium chloride,good
1570,stearalkonium hectorite,good
1571,stearates,good
1572,steareth-20,good
1573,stearic acid,good
1574,stearyl alcohol,good
1575,stearyl dimethicone,good
1576,stearyl glycyrrhetinate,best
1577,stearyl methicone,good
1578,stearyl stearate,good
1579,styrax benzoin,poor
1580,acrylates copolymer,good
1581,styrene copolymer,good
1582,styrene,good
1583,acrylates copolymer,good
1584,sucrose,good
1585,sugarcane extract,average
1586,sulfates,good
1587,sulfur,poor
1588,sunflower seed oil,best
1589,sun protection factor,best
1590,superoxide dismutase,best
1591,surfactant,good
1592,sweet almond,good
1593,sweet almond oil,good
1594,symphytum officinale extract,poor
1595,synthetic beeswax,good
1596,synthetic wax,good
1597,szechuan peppercorn,poor
1598,talc,good
1599,tallow,poor
1600,tamanu oil,good
1601,tanacetum parthenium,average
1602,tangerine oil,poor
1603,tannic acid,best
1604,tapioca starch,good
1605,tartaric acid,good
1606,tea,good
1607,tea-lauryl sulfate,poor
1608,tea tree oil,good
1609,terephthalylidene dicamphor sulfonic acid,best
1610,tetradibutyl pentaerithrityl hydroxyhydrocinnamate,good
1611,tetrahexyldecyl ascorbate,best
1612,tetrahydrobisdemethoxycurcumin,best
1613,tetrahydrobisdemethoxydiferuloylmethane,best
1614,tetrahydrodemethoxycurcumin,best
1615,tetrahydrodemethoxydiferuloylmethane,best
1616,tetrahydrodiferuloylmethane,best
1617,tetrahydromethoxycurcumin,best
1618,tetrahydroxypropyl ethylenediamine,good
1619,tetrasodium edta,good
1620,tetrasodium etidronate,good
1621,theobroma cacao seed butter,best
1622,thiamine hcl,good
1623,thickening agent,good
1624,thioctic acid,best
1625,thiodipropionic acid,average
1626,thiotaurine,good
1627,threonine,good
1628,thyme extract,average
1629,thyme oil,poor
1630,thymus hydrolysate,average
1631,thymus serpillum extract,poor
1632,thymus vulgaris,average
1633,thymus vulgaris oil,poor
1634,tilia cordata,best
1635,titanium dioxide,best
1636,tocopherol,best
1637,tocopherol acetate,best
1638,tocopheryl acetate,best
1639,tocopheryl lineolate,best
1640,tocotrienols,best
1641,tomato extract,average
1642,tormentil extract,poor
1643,tragacanth,good
1644,tranexamic acid,best
1645,trehalose,good
1646,tremella fuciformis sporocarp extract,best
1647,tribehenin,good
1648,tribehenin peg-20 esters,good
1649,tricaprylin,good
1650,tridecyl salicylate,good
1651,tridecyl stearate,good
1652,tridecyl trimellitate,good
1653,triethanolamine,good
1654,triethoxycaprylylsilane,good
1655,triethoxycaprylylsilane crosspolymer,good
1656,triethoxysilylethyl polydimethylsiloxyethyl hexyl dimethicone,good
1657,trifolium pratense,good
1658,triglyceride,good
1659,trigonella foenum-graecum seed extract,average
1660,trihydroxystearin,good
1661,triisocetyl citrate,good
1662,trilaurin,good
1663,trimethylsiloxysilicate,good
1664,trioclanolin,good
1665,trioctanoin,good
1666,trioctyldodecyl citrate,good
1667,tripeptide-32,good
1668,tripleurospermum maritimum extract,good
1669,trisodium edta,good
1670,triticum vulgare (wheat) germ extract,good
1671,triticum vulgare oil,good
1672,troxerutin,best
1673,tryptophan,good
1674,turmeric,good
1675,ubiquinone,best
1676,ulmus fulva bark extract,good
1677,ultramarines,good
1678,ulva lactuca extract,good
1679,uncaria tomentosa extract,average
1680,undaria pinnatifida,good
1681,urea,good
1682,urtica dioica,average
1683,uva,poor
1684,uva ursi extract,best
1685,uvb,poor
1686,crotonates copolymer,good
1687,va copolymer,good
1688,va,good
1689,crotonates copolymer,good
1690,vaccinium macrocarpon fruit extract,best
1691,vaccinium myrtillus,good
1692,valine,good
1693,vanilla planifolia fruit extract,good
1694,verbena extract,poor
1695,vetiver oil or extract,poor
1696,vinyl methicone silsesquioxane crosspolymer,good
1697,vinyl dimethicone silsesquioxane crosspolymer,good
1698,vinyl dimethicone,good
1699,methicone silsesquioxane crosspolymer,good
1700,viola tricolor extract,average
1701,vitamin a,best
1702,vitamin b1,good
1703,vitamin b12,good
1704,vitamin b2,average
1705,vitamin b3,best
1706,vitamin b5,good
1707,vitamin b6,average
1708,vitamin c,best
1709,vitamin d,good
1710,vitamin e,best
1711,vitamin f,best
1712,vitamin h,good
1713,vitamin k,good
1714,vitis vinifera,best
1715,volatile oil,poor
1716,eicosene copolymer,good
1717,vp copolymer,good
1718,vp,good
1719,eicosene copolymer,good
1720,hexadecene copolymer,good
1721,vp copolymer,good
1722,vp,good
1723,hexadecene copolymer,good
1724,walnut extract,average
1725,walnut oil,good
1726,walnut shell powder,average
1727,water,good
1728,watercress extract,average
1729,watermelon fruit extract,best
1730,wheat amino acids,good
1731,wheat germ glycerides,good
1732,wheat germ oil,good
1733,wheat protein,good
1734,whey protein,good
1735,white nettle,average
1736,white oak bark extract,poor
1737,white tea leaf extract,best
1738,white willow,good
1739,wild ginger,poor
1740,willow bark,good
1741,willow herb,best
1742,wintergreen oil,poor
1743,witch hazel,poor
1744,xanthan gum,good
1745,xanthophyll,best
1746,ximenia americana oil,good
1747,xi xin,poor
1748,xylitol,good
1749,xylose,good
1750,xymenynic acid,good
1751,yarrow extract,poor
1752,yeast,good
1753,yeast extract,good
1754,yellow 5,good
1755,yellow 6 lake,good
1756,yerba mate extract,best
1757,ylang ylang,poor
1758,yogurt,average
1759,yucca extract,average
1760,yucca schidigera,average
1761,zanthoxylum piperitum,poor
1762,zinc,best
1763,zinc carbonate,poor
1764,zinc oxide,best
1765,zinc pca,best
1766,zinc stearate,good
1767,zinc sulfate,poor
1768,zingiberaceae,poor
1769,zingiber officinale roscoe,poor
1770,zingiber zerumbet,poor
1771,zizyphus jujuba fruit extract,good